image_id,image_path,tipo_perturbacion,texto,clipscore_simplificado
wg_0_0,/Users/nielspacheco/Desktop/Classes/UNI/Maestria en ciencias Computacion/IA generativa y multimodal/MCC225-ExamenParcial-Winoground/data/raw/images_local/imagen_00000.jpg,original,an old person kisses a young person,0.2987883
wg_0_0,/Users/nielspacheco/Desktop/Classes/UNI/Maestria en ciencias Computacion/IA generativa y multimodal/MCC225-ExamenParcial-Winoground/data/raw/images_local/imagen_00000.jpg,negacion,no an old person kisses a young person,0.29028654
wg_0_0,/Users/nielspacheco/Desktop/Classes/UNI/Maestria en ciencias Computacion/IA generativa y multimodal/MCC225-ExamenParcial-Winoground/data/raw/images_local/imagen_00000.jpg,conteo,dos an old person kisses a young person,0.2968955
wg_0_0,/Users/nielspacheco/Desktop/Classes/UNI/Maestria en ciencias Computacion/IA generativa y multimodal/MCC225-ExamenParcial-Winoground/data/raw/images_local/imagen_00000.jpg,atributo,an old person kisses a young person de color rojo,0.3016915
wg_0_0,/Users/nielspacheco/Desktop/Classes/UNI/Maestria en ciencias Computacion/IA generativa y multimodal/MCC225-ExamenParcial-Winoground/data/raw/images_local/imagen_00000.jpg,objeto_externo,an old person kisses a young person con un avion visible,0.2863306
wg_0_1,/Users/nielspacheco/Desktop/Classes/UNI/Maestria en ciencias Computacion/IA generativa y multimodal/MCC225-ExamenParcial-Winoground/data/raw/images_local/imagen_00001.jpg,original,a young person kisses an old person,0.3001449
wg_0_1,/Users/nielspacheco/Desktop/Classes/UNI/Maestria en ciencias Computacion/IA generativa y multimodal/MCC225-ExamenParcial-Winoground/data/raw/images_local/imagen_00001.jpg,negacion,no a young person kisses an old person,0.28445545
wg_0_1,/Users/nielspacheco/Desktop/Classes/UNI/Maestria en ciencias Computacion/IA generativa y multimodal/MCC225-ExamenParcial-Winoground/data/raw/images_local/imagen_00001.jpg,conteo,dos a young person kisses an old person,0.29109624
wg_0_1,/Users/nielspacheco/Desktop/Classes/UNI/Maestria en ciencias Computacion/IA generativa y multimodal/MCC225-ExamenParcial-Winoground/data/raw/images_local/imagen_00001.jpg,atributo,a young person kisses an old person de color rojo,0.29193795
wg_0_1,/Users/nielspacheco/Desktop/Classes/UNI/Maestria en ciencias Computacion/IA generativa y multimodal/MCC225-ExamenParcial-Winoground/data/raw/images_local/imagen_00001.jpg,objeto_externo,a young person kisses an old person con un avion visible,0.28951922
wg_1_0,/Users/nielspacheco/Desktop/Classes/UNI/Maestria en ciencias Computacion/IA generativa y multimodal/MCC225-ExamenParcial-Winoground/data/raw/images_local/imagen_00002.jpg,original,the taller person hugs the shorter person,0.22986226
wg_1_0,/Users/nielspacheco/Desktop/Classes/UNI/Maestria en ciencias Computacion/IA generativa y multimodal/MCC225-ExamenParcial-Winoground/data/raw/images_local/imagen_00002.jpg,negacion,no the taller person hugs the shorter person,0.2387219
wg_1_0,/Users/nielspacheco/Desktop/Classes/UNI/Maestria en ciencias Computacion/IA generativa y multimodal/MCC225-ExamenParcial-Winoground/data/raw/images_local/imagen_00002.jpg,conteo,dos the taller person hugs the shorter person,0.21936552
wg_1_0,/Users/nielspacheco/Desktop/Classes/UNI/Maestria en ciencias Computacion/IA generativa y multimodal/MCC225-ExamenParcial-Winoground/data/raw/images_local/imagen_00002.jpg,atributo,the taller person hugs the shorter person de color rojo,0.23573528
wg_1_0,/Users/nielspacheco/Desktop/Classes/UNI/Maestria en ciencias Computacion/IA generativa y multimodal/MCC225-ExamenParcial-Winoground/data/raw/images_local/imagen_00002.jpg,objeto_externo,the taller person hugs the shorter person con un avion visible,0.23313944
wg_1_1,/Users/nielspacheco/Desktop/Classes/UNI/Maestria en ciencias Computacion/IA generativa y multimodal/MCC225-ExamenParcial-Winoground/data/raw/images_local/imagen_00003.jpg,original,the shorter person hugs the taller person,0.23728621
wg_1_1,/Users/nielspacheco/Desktop/Classes/UNI/Maestria en ciencias Computacion/IA generativa y multimodal/MCC225-ExamenParcial-Winoground/data/raw/images_local/imagen_00003.jpg,negacion,no the shorter person hugs the taller person,0.23925577
wg_1_1,/Users/nielspacheco/Desktop/Classes/UNI/Maestria en ciencias Computacion/IA generativa y multimodal/MCC225-ExamenParcial-Winoground/data/raw/images_local/imagen_00003.jpg,conteo,dos the shorter person hugs the taller person,0.2296242
wg_1_1,/Users/nielspacheco/Desktop/Classes/UNI/Maestria en ciencias Computacion/IA generativa y multimodal/MCC225-ExamenParcial-Winoground/data/raw/images_local/imagen_00003.jpg,atributo,the shorter person hugs the taller person de color rojo,0.22193485
wg_1_1,/Users/nielspacheco/Desktop/Classes/UNI/Maestria en ciencias Computacion/IA generativa y multimodal/MCC225-ExamenParcial-Winoground/data/raw/images_local/imagen_00003.jpg,objeto_externo,the shorter person hugs the taller person con un avion visible,0.22888787
wg_2_0,/Users/nielspacheco/Desktop/Classes/UNI/Maestria en ciencias Computacion/IA generativa y multimodal/MCC225-ExamenParcial-Winoground/data/raw/images_local/imagen_00004.jpg,original,the masked wrestler hits the unmasked wrestler,0.32401356
wg_2_0,/Users/nielspacheco/Desktop/Classes/UNI/Maestria en ciencias Computacion/IA generativa y multimodal/MCC225-ExamenParcial-Winoground/data/raw/images_local/imagen_00004.jpg,negacion,no the masked wrestler hits the unmasked wrestler,0.3157889
wg_2_0,/Users/nielspacheco/Desktop/Classes/UNI/Maestria en ciencias Computacion/IA generativa y multimodal/MCC225-ExamenParcial-Winoground/data/raw/images_local/imagen_00004.jpg,conteo,dos the masked wrestler hits the unmasked wrestler,0.31721354
wg_2_0,/Users/nielspacheco/Desktop/Classes/UNI/Maestria en ciencias Computacion/IA generativa y multimodal/MCC225-ExamenParcial-Winoground/data/raw/images_local/imagen_00004.jpg,atributo,the masked wrestler hits the unmasked wrestler de color rojo,0.31301355
wg_2_0,/Users/nielspacheco/Desktop/Classes/UNI/Maestria en ciencias Computacion/IA generativa y multimodal/MCC225-ExamenParcial-Winoground/data/raw/images_local/imagen_00004.jpg,objeto_externo,the masked wrestler hits the unmasked wrestler con un avion visible,0.3205861
wg_2_1,/Users/nielspacheco/Desktop/Classes/UNI/Maestria en ciencias Computacion/IA generativa y multimodal/MCC225-ExamenParcial-Winoground/data/raw/images_local/imagen_00005.jpg,original,the unmasked wrestler hits the masked wrestler,0.27789378
wg_2_1,/Users/nielspacheco/Desktop/Classes/UNI/Maestria en ciencias Computacion/IA generativa y multimodal/MCC225-ExamenParcial-Winoground/data/raw/images_local/imagen_00005.jpg,negacion,no the unmasked wrestler hits the masked wrestler,0.2774178
wg_2_1,/Users/nielspacheco/Desktop/Classes/UNI/Maestria en ciencias Computacion/IA generativa y multimodal/MCC225-ExamenParcial-Winoground/data/raw/images_local/imagen_00005.jpg,conteo,dos the unmasked wrestler hits the masked wrestler,0.2576542
wg_2_1,/Users/nielspacheco/Desktop/Classes/UNI/Maestria en ciencias Computacion/IA generativa y multimodal/MCC225-ExamenParcial-Winoground/data/raw/images_local/imagen_00005.jpg,atributo,the unmasked wrestler hits the masked wrestler de color rojo,0.25652054
wg_2_1,/Users/nielspacheco/Desktop/Classes/UNI/Maestria en ciencias Computacion/IA generativa y multimodal/MCC225-ExamenParcial-Winoground/data/raw/images_local/imagen_00005.jpg,objeto_externo,the unmasked wrestler hits the masked wrestler con un avion visible,0.2665932
wg_3_0,/Users/nielspacheco/Desktop/Classes/UNI/Maestria en ciencias Computacion/IA generativa y multimodal/MCC225-ExamenParcial-Winoground/data/raw/images_local/imagen_00006.jpg,original,a person watches an animal,0.21092762
wg_3_0,/Users/nielspacheco/Desktop/Classes/UNI/Maestria en ciencias Computacion/IA generativa y multimodal/MCC225-ExamenParcial-Winoground/data/raw/images_local/imagen_00006.jpg,negacion,no a person watches an animal,0.1896915
wg_3_0,/Users/nielspacheco/Desktop/Classes/UNI/Maestria en ciencias Computacion/IA generativa y multimodal/MCC225-ExamenParcial-Winoground/data/raw/images_local/imagen_00006.jpg,conteo,dos a person watches an animal,0.21547481
wg_3_0,/Users/nielspacheco/Desktop/Classes/UNI/Maestria en ciencias Computacion/IA generativa y multimodal/MCC225-ExamenParcial-Winoground/data/raw/images_local/imagen_00006.jpg,atributo,a person watches an animal de color rojo,0.19575633
wg_3_0,/Users/nielspacheco/Desktop/Classes/UNI/Maestria en ciencias Computacion/IA generativa y multimodal/MCC225-ExamenParcial-Winoground/data/raw/images_local/imagen_00006.jpg,objeto_externo,a person watches an animal con un avion visible,0.24149597
wg_3_1,/Users/nielspacheco/Desktop/Classes/UNI/Maestria en ciencias Computacion/IA generativa y multimodal/MCC225-ExamenParcial-Winoground/data/raw/images_local/imagen_00007.jpg,original,an animal watches a person,0.24283329
wg_3_1,/Users/nielspacheco/Desktop/Classes/UNI/Maestria en ciencias Computacion/IA generativa y multimodal/MCC225-ExamenParcial-Winoground/data/raw/images_local/imagen_00007.jpg,negacion,no an animal watches a person,0.22276731
wg_3_1,/Users/nielspacheco/Desktop/Classes/UNI/Maestria en ciencias Computacion/IA generativa y multimodal/MCC225-ExamenParcial-Winoground/data/raw/images_local/imagen_00007.jpg,conteo,dos an animal watches a person,0.23710102
wg_3_1,/Users/nielspacheco/Desktop/Classes/UNI/Maestria en ciencias Computacion/IA generativa y multimodal/MCC225-ExamenParcial-Winoground/data/raw/images_local/imagen_00007.jpg,atributo,an animal watches a person de color rojo,0.23782308
wg_3_1,/Users/nielspacheco/Desktop/Classes/UNI/Maestria en ciencias Computacion/IA generativa y multimodal/MCC225-ExamenParcial-Winoground/data/raw/images_local/imagen_00007.jpg,objeto_externo,an animal watches a person con un avion visible,0.24467725
wg_4_0,/Users/nielspacheco/Desktop/Classes/UNI/Maestria en ciencias Computacion/IA generativa y multimodal/MCC225-ExamenParcial-Winoground/data/raw/images_local/imagen_00008.jpg,original,the person without earrings pays the person with earrings,0.21787935
wg_4_0,/Users/nielspacheco/Desktop/Classes/UNI/Maestria en ciencias Computacion/IA generativa y multimodal/MCC225-ExamenParcial-Winoground/data/raw/images_local/imagen_00008.jpg,negacion,no the person without earrings pays the person with earrings,0.21253178
wg_4_0,/Users/nielspacheco/Desktop/Classes/UNI/Maestria en ciencias Computacion/IA generativa y multimodal/MCC225-ExamenParcial-Winoground/data/raw/images_local/imagen_00008.jpg,conteo,dos the person without earrings pays the person with earrings,0.22078833
wg_4_0,/Users/nielspacheco/Desktop/Classes/UNI/Maestria en ciencias Computacion/IA generativa y multimodal/MCC225-ExamenParcial-Winoground/data/raw/images_local/imagen_00008.jpg,atributo,the person without earrings pays the person with earrings de color rojo,0.20188463
wg_4_0,/Users/nielspacheco/Desktop/Classes/UNI/Maestria en ciencias Computacion/IA generativa y multimodal/MCC225-ExamenParcial-Winoground/data/raw/images_local/imagen_00008.jpg,objeto_externo,the person without earrings pays the person with earrings con un avion visible,0.21900621
wg_4_1,/Users/nielspacheco/Desktop/Classes/UNI/Maestria en ciencias Computacion/IA generativa y multimodal/MCC225-ExamenParcial-Winoground/data/raw/images_local/imagen_00009.jpg,original,the person with earrings pays the person without earrings,0.21252833
wg_4_1,/Users/nielspacheco/Desktop/Classes/UNI/Maestria en ciencias Computacion/IA generativa y multimodal/MCC225-ExamenParcial-Winoground/data/raw/images_local/imagen_00009.jpg,negacion,no the person with earrings pays the person without earrings,0.20187344
wg_4_1,/Users/nielspacheco/Desktop/Classes/UNI/Maestria en ciencias Computacion/IA generativa y multimodal/MCC225-ExamenParcial-Winoground/data/raw/images_local/imagen_00009.jpg,conteo,dos the person with earrings pays the person without earrings,0.22116286
wg_4_1,/Users/nielspacheco/Desktop/Classes/UNI/Maestria en ciencias Computacion/IA generativa y multimodal/MCC225-ExamenParcial-Winoground/data/raw/images_local/imagen_00009.jpg,atributo,the person with earrings pays the person without earrings de color rojo,0.19890244
wg_4_1,/Users/nielspacheco/Desktop/Classes/UNI/Maestria en ciencias Computacion/IA generativa y multimodal/MCC225-ExamenParcial-Winoground/data/raw/images_local/imagen_00009.jpg,objeto_externo,the person with earrings pays the person without earrings con un avion visible,0.22139417
wg_5_0,/Users/nielspacheco/Desktop/Classes/UNI/Maestria en ciencias Computacion/IA generativa y multimodal/MCC225-ExamenParcial-Winoground/data/raw/images_local/imagen_00010.jpg,original,a bird eats a snake,0.29881263
wg_5_0,/Users/nielspacheco/Desktop/Classes/UNI/Maestria en ciencias Computacion/IA generativa y multimodal/MCC225-ExamenParcial-Winoground/data/raw/images_local/imagen_00010.jpg,negacion,no a bird eats a snake,0.27120382
wg_5_0,/Users/nielspacheco/Desktop/Classes/UNI/Maestria en ciencias Computacion/IA generativa y multimodal/MCC225-ExamenParcial-Winoground/data/raw/images_local/imagen_00010.jpg,conteo,dos a bird eats a snake,0.28409463
wg_5_0,/Users/nielspacheco/Desktop/Classes/UNI/Maestria en ciencias Computacion/IA generativa y multimodal/MCC225-ExamenParcial-Winoground/data/raw/images_local/imagen_00010.jpg,atributo,a bird eats a snake de color rojo,0.2616613
wg_5_0,/Users/nielspacheco/Desktop/Classes/UNI/Maestria en ciencias Computacion/IA generativa y multimodal/MCC225-ExamenParcial-Winoground/data/raw/images_local/imagen_00010.jpg,objeto_externo,a bird eats a snake con un avion visible,0.29245925
wg_5_1,/Users/nielspacheco/Desktop/Classes/UNI/Maestria en ciencias Computacion/IA generativa y multimodal/MCC225-ExamenParcial-Winoground/data/raw/images_local/imagen_00011.jpg,original,a snake eats a bird,0.28237844
wg_5_1,/Users/nielspacheco/Desktop/Classes/UNI/Maestria en ciencias Computacion/IA generativa y multimodal/MCC225-ExamenParcial-Winoground/data/raw/images_local/imagen_00011.jpg,negacion,no a snake eats a bird,0.2606253
wg_5_1,/Users/nielspacheco/Desktop/Classes/UNI/Maestria en ciencias Computacion/IA generativa y multimodal/MCC225-ExamenParcial-Winoground/data/raw/images_local/imagen_00011.jpg,conteo,dos a snake eats a bird,0.2725383
wg_5_1,/Users/nielspacheco/Desktop/Classes/UNI/Maestria en ciencias Computacion/IA generativa y multimodal/MCC225-ExamenParcial-Winoground/data/raw/images_local/imagen_00011.jpg,atributo,a snake eats a bird de color rojo,0.25107464
wg_5_1,/Users/nielspacheco/Desktop/Classes/UNI/Maestria en ciencias Computacion/IA generativa y multimodal/MCC225-ExamenParcial-Winoground/data/raw/images_local/imagen_00011.jpg,objeto_externo,a snake eats a bird con un avion visible,0.27982074
wg_6_0,/Users/nielspacheco/Desktop/Classes/UNI/Maestria en ciencias Computacion/IA generativa y multimodal/MCC225-ExamenParcial-Winoground/data/raw/images_local/imagen_00012.jpg,original,a plant was harmed by another organism and that organism broke the plant into pieces,0.23675425
wg_6_0,/Users/nielspacheco/Desktop/Classes/UNI/Maestria en ciencias Computacion/IA generativa y multimodal/MCC225-ExamenParcial-Winoground/data/raw/images_local/imagen_00012.jpg,negacion,no a plant was harmed by another organism and that organism broke the plant into pieces,0.22700039
wg_6_0,/Users/nielspacheco/Desktop/Classes/UNI/Maestria en ciencias Computacion/IA generativa y multimodal/MCC225-ExamenParcial-Winoground/data/raw/images_local/imagen_00012.jpg,conteo,dos a plant was harmed by another organism and that organism broke the plant into pieces,0.23189734
wg_6_0,/Users/nielspacheco/Desktop/Classes/UNI/Maestria en ciencias Computacion/IA generativa y multimodal/MCC225-ExamenParcial-Winoground/data/raw/images_local/imagen_00012.jpg,atributo,a plant was harmed by another organism and that organism broke the plant into pieces de color rojo,0.20957609
wg_6_0,/Users/nielspacheco/Desktop/Classes/UNI/Maestria en ciencias Computacion/IA generativa y multimodal/MCC225-ExamenParcial-Winoground/data/raw/images_local/imagen_00012.jpg,objeto_externo,a plant was harmed by another organism and that organism broke the plant into pieces con un avion visible,0.24334994
wg_6_1,/Users/nielspacheco/Desktop/Classes/UNI/Maestria en ciencias Computacion/IA generativa y multimodal/MCC225-ExamenParcial-Winoground/data/raw/images_local/imagen_00013.jpg,original,another organism was harmed by a plant and that plant broke the organism into pieces,0.266872
wg_6_1,/Users/nielspacheco/Desktop/Classes/UNI/Maestria en ciencias Computacion/IA generativa y multimodal/MCC225-ExamenParcial-Winoground/data/raw/images_local/imagen_00013.jpg,negacion,no another organism was harmed by a plant and that plant broke the organism into pieces,0.2613929
wg_6_1,/Users/nielspacheco/Desktop/Classes/UNI/Maestria en ciencias Computacion/IA generativa y multimodal/MCC225-ExamenParcial-Winoground/data/raw/images_local/imagen_00013.jpg,conteo,dos another organism was harmed by a plant and that plant broke the organism into pieces,0.26281375
wg_6_1,/Users/nielspacheco/Desktop/Classes/UNI/Maestria en ciencias Computacion/IA generativa y multimodal/MCC225-ExamenParcial-Winoground/data/raw/images_local/imagen_00013.jpg,atributo,another organism was harmed by a plant and that plant broke the organism into pieces de color rojo,0.23098937
wg_6_1,/Users/nielspacheco/Desktop/Classes/UNI/Maestria en ciencias Computacion/IA generativa y multimodal/MCC225-ExamenParcial-Winoground/data/raw/images_local/imagen_00013.jpg,objeto_externo,another organism was harmed by a plant and that plant broke the organism into pieces con un avion visible,0.26017633
wg_7_0,/Users/nielspacheco/Desktop/Classes/UNI/Maestria en ciencias Computacion/IA generativa y multimodal/MCC225-ExamenParcial-Winoground/data/raw/images_local/imagen_00014.jpg,original,a bottle is in water,0.26311904
wg_7_0,/Users/nielspacheco/Desktop/Classes/UNI/Maestria en ciencias Computacion/IA generativa y multimodal/MCC225-ExamenParcial-Winoground/data/raw/images_local/imagen_00014.jpg,negacion,no a bottle is in water,0.24225536
wg_7_0,/Users/nielspacheco/Desktop/Classes/UNI/Maestria en ciencias Computacion/IA generativa y multimodal/MCC225-ExamenParcial-Winoground/data/raw/images_local/imagen_00014.jpg,conteo,dos a bottle is in water,0.24132358
wg_7_0,/Users/nielspacheco/Desktop/Classes/UNI/Maestria en ciencias Computacion/IA generativa y multimodal/MCC225-ExamenParcial-Winoground/data/raw/images_local/imagen_00014.jpg,atributo,a bottle is in water de color rojo,0.23509535
wg_7_0,/Users/nielspacheco/Desktop/Classes/UNI/Maestria en ciencias Computacion/IA generativa y multimodal/MCC225-ExamenParcial-Winoground/data/raw/images_local/imagen_00014.jpg,objeto_externo,a bottle is in water con un avion visible,0.27678597
wg_7_1,/Users/nielspacheco/Desktop/Classes/UNI/Maestria en ciencias Computacion/IA generativa y multimodal/MCC225-ExamenParcial-Winoground/data/raw/images_local/imagen_00015.jpg,original,water is in a bottle,0.29254723
wg_7_1,/Users/nielspacheco/Desktop/Classes/UNI/Maestria en ciencias Computacion/IA generativa y multimodal/MCC225-ExamenParcial-Winoground/data/raw/images_local/imagen_00015.jpg,negacion,no water is in a bottle,0.28196836
wg_7_1,/Users/nielspacheco/Desktop/Classes/UNI/Maestria en ciencias Computacion/IA generativa y multimodal/MCC225-ExamenParcial-Winoground/data/raw/images_local/imagen_00015.jpg,conteo,dos water is in a bottle,0.29036054
wg_7_1,/Users/nielspacheco/Desktop/Classes/UNI/Maestria en ciencias Computacion/IA generativa y multimodal/MCC225-ExamenParcial-Winoground/data/raw/images_local/imagen_00015.jpg,atributo,water is in a bottle de color rojo,0.28640652
wg_7_1,/Users/nielspacheco/Desktop/Classes/UNI/Maestria en ciencias Computacion/IA generativa y multimodal/MCC225-ExamenParcial-Winoground/data/raw/images_local/imagen_00015.jpg,objeto_externo,water is in a bottle con un avion visible,0.29182822
wg_8_0,/Users/nielspacheco/Desktop/Classes/UNI/Maestria en ciencias Computacion/IA generativa y multimodal/MCC225-ExamenParcial-Winoground/data/raw/images_local/imagen_00016.jpg,original,a tree smashed into a car,0.30101472
wg_8_0,/Users/nielspacheco/Desktop/Classes/UNI/Maestria en ciencias Computacion/IA generativa y multimodal/MCC225-ExamenParcial-Winoground/data/raw/images_local/imagen_00016.jpg,negacion,no a tree smashed into a car,0.29673797
wg_8_0,/Users/nielspacheco/Desktop/Classes/UNI/Maestria en ciencias Computacion/IA generativa y multimodal/MCC225-ExamenParcial-Winoground/data/raw/images_local/imagen_00016.jpg,conteo,dos a tree smashed into a car,0.29143372
wg_8_0,/Users/nielspacheco/Desktop/Classes/UNI/Maestria en ciencias Computacion/IA generativa y multimodal/MCC225-ExamenParcial-Winoground/data/raw/images_local/imagen_00016.jpg,atributo,a tree smashed into a car de color rojo,0.31466407
wg_8_0,/Users/nielspacheco/Desktop/Classes/UNI/Maestria en ciencias Computacion/IA generativa y multimodal/MCC225-ExamenParcial-Winoground/data/raw/images_local/imagen_00016.jpg,objeto_externo,a tree smashed into a car con un avion visible,0.294582
wg_8_1,/Users/nielspacheco/Desktop/Classes/UNI/Maestria en ciencias Computacion/IA generativa y multimodal/MCC225-ExamenParcial-Winoground/data/raw/images_local/imagen_00017.jpg,original,a car smashed into a tree,0.27547362
wg_8_1,/Users/nielspacheco/Desktop/Classes/UNI/Maestria en ciencias Computacion/IA generativa y multimodal/MCC225-ExamenParcial-Winoground/data/raw/images_local/imagen_00017.jpg,negacion,no a car smashed into a tree,0.26020545
wg_8_1,/Users/nielspacheco/Desktop/Classes/UNI/Maestria en ciencias Computacion/IA generativa y multimodal/MCC225-ExamenParcial-Winoground/data/raw/images_local/imagen_00017.jpg,conteo,dos a car smashed into a tree,0.2659258
wg_8_1,/Users/nielspacheco/Desktop/Classes/UNI/Maestria en ciencias Computacion/IA generativa y multimodal/MCC225-ExamenParcial-Winoground/data/raw/images_local/imagen_00017.jpg,atributo,a car smashed into a tree de color rojo,0.26980615
wg_8_1,/Users/nielspacheco/Desktop/Classes/UNI/Maestria en ciencias Computacion/IA generativa y multimodal/MCC225-ExamenParcial-Winoground/data/raw/images_local/imagen_00017.jpg,objeto_externo,a car smashed into a tree con un avion visible,0.26118684
wg_9_0,/Users/nielspacheco/Desktop/Classes/UNI/Maestria en ciencias Computacion/IA generativa y multimodal/MCC225-ExamenParcial-Winoground/data/raw/images_local/imagen_00018.jpg,original,people fall on the leaves,0.30238774
wg_9_0,/Users/nielspacheco/Desktop/Classes/UNI/Maestria en ciencias Computacion/IA generativa y multimodal/MCC225-ExamenParcial-Winoground/data/raw/images_local/imagen_00018.jpg,negacion,no people fall on the leaves,0.27075478
wg_9_0,/Users/nielspacheco/Desktop/Classes/UNI/Maestria en ciencias Computacion/IA generativa y multimodal/MCC225-ExamenParcial-Winoground/data/raw/images_local/imagen_00018.jpg,conteo,dos people fall on the leaves,0.30512306
wg_9_0,/Users/nielspacheco/Desktop/Classes/UNI/Maestria en ciencias Computacion/IA generativa y multimodal/MCC225-ExamenParcial-Winoground/data/raw/images_local/imagen_00018.jpg,atributo,people fall on the leaves de color rojo,0.26911637
wg_9_0,/Users/nielspacheco/Desktop/Classes/UNI/Maestria en ciencias Computacion/IA generativa y multimodal/MCC225-ExamenParcial-Winoground/data/raw/images_local/imagen_00018.jpg,objeto_externo,people fall on the leaves con un avion visible,0.27573076
wg_9_1,/Users/nielspacheco/Desktop/Classes/UNI/Maestria en ciencias Computacion/IA generativa y multimodal/MCC225-ExamenParcial-Winoground/data/raw/images_local/imagen_00019.jpg,original,the leaves fall on people,0.25225562
wg_9_1,/Users/nielspacheco/Desktop/Classes/UNI/Maestria en ciencias Computacion/IA generativa y multimodal/MCC225-ExamenParcial-Winoground/data/raw/images_local/imagen_00019.jpg,negacion,no the leaves fall on people,0.24240117
wg_9_1,/Users/nielspacheco/Desktop/Classes/UNI/Maestria en ciencias Computacion/IA generativa y multimodal/MCC225-ExamenParcial-Winoground/data/raw/images_local/imagen_00019.jpg,conteo,dos the leaves fall on people,0.24521545
wg_9_1,/Users/nielspacheco/Desktop/Classes/UNI/Maestria en ciencias Computacion/IA generativa y multimodal/MCC225-ExamenParcial-Winoground/data/raw/images_local/imagen_00019.jpg,atributo,the leaves fall on people de color rojo,0.24477898
wg_9_1,/Users/nielspacheco/Desktop/Classes/UNI/Maestria en ciencias Computacion/IA generativa y multimodal/MCC225-ExamenParcial-Winoground/data/raw/images_local/imagen_00019.jpg,objeto_externo,the leaves fall on people con un avion visible,0.25630298
wg_10_0,/Users/nielspacheco/Desktop/Classes/UNI/Maestria en ciencias Computacion/IA generativa y multimodal/MCC225-ExamenParcial-Winoground/data/raw/images_local/imagen_00020.jpg,original,the sail rests below the water,0.25269207
wg_10_0,/Users/nielspacheco/Desktop/Classes/UNI/Maestria en ciencias Computacion/IA generativa y multimodal/MCC225-ExamenParcial-Winoground/data/raw/images_local/imagen_00020.jpg,negacion,no the sail rests below the water,0.2455573
wg_10_0,/Users/nielspacheco/Desktop/Classes/UNI/Maestria en ciencias Computacion/IA generativa y multimodal/MCC225-ExamenParcial-Winoground/data/raw/images_local/imagen_00020.jpg,conteo,dos the sail rests below the water,0.22624737
wg_10_0,/Users/nielspacheco/Desktop/Classes/UNI/Maestria en ciencias Computacion/IA generativa y multimodal/MCC225-ExamenParcial-Winoground/data/raw/images_local/imagen_00020.jpg,atributo,the sail rests below the water de color rojo,0.209891
wg_10_0,/Users/nielspacheco/Desktop/Classes/UNI/Maestria en ciencias Computacion/IA generativa y multimodal/MCC225-ExamenParcial-Winoground/data/raw/images_local/imagen_00020.jpg,objeto_externo,the sail rests below the water con un avion visible,0.23572274
wg_10_1,/Users/nielspacheco/Desktop/Classes/UNI/Maestria en ciencias Computacion/IA generativa y multimodal/MCC225-ExamenParcial-Winoground/data/raw/images_local/imagen_00021.jpg,original,the water rests below the sail,0.26579446
wg_10_1,/Users/nielspacheco/Desktop/Classes/UNI/Maestria en ciencias Computacion/IA generativa y multimodal/MCC225-ExamenParcial-Winoground/data/raw/images_local/imagen_00021.jpg,negacion,no the water rests below the sail,0.26905277
wg_10_1,/Users/nielspacheco/Desktop/Classes/UNI/Maestria en ciencias Computacion/IA generativa y multimodal/MCC225-ExamenParcial-Winoground/data/raw/images_local/imagen_00021.jpg,conteo,dos the water rests below the sail,0.25230473
wg_10_1,/Users/nielspacheco/Desktop/Classes/UNI/Maestria en ciencias Computacion/IA generativa y multimodal/MCC225-ExamenParcial-Winoground/data/raw/images_local/imagen_00021.jpg,atributo,the water rests below the sail de color rojo,0.25103
wg_10_1,/Users/nielspacheco/Desktop/Classes/UNI/Maestria en ciencias Computacion/IA generativa y multimodal/MCC225-ExamenParcial-Winoground/data/raw/images_local/imagen_00021.jpg,objeto_externo,the water rests below the sail con un avion visible,0.25242618
wg_11_0,/Users/nielspacheco/Desktop/Classes/UNI/Maestria en ciencias Computacion/IA generativa y multimodal/MCC225-ExamenParcial-Winoground/data/raw/images_local/imagen_00022.jpg,original,there is a table below someone,0.21725012
wg_11_0,/Users/nielspacheco/Desktop/Classes/UNI/Maestria en ciencias Computacion/IA generativa y multimodal/MCC225-ExamenParcial-Winoground/data/raw/images_local/imagen_00022.jpg,negacion,no there is a table below someone,0.20950274
wg_11_0,/Users/nielspacheco/Desktop/Classes/UNI/Maestria en ciencias Computacion/IA generativa y multimodal/MCC225-ExamenParcial-Winoground/data/raw/images_local/imagen_00022.jpg,conteo,dos there is a table below someone,0.17833358
wg_11_0,/Users/nielspacheco/Desktop/Classes/UNI/Maestria en ciencias Computacion/IA generativa y multimodal/MCC225-ExamenParcial-Winoground/data/raw/images_local/imagen_00022.jpg,atributo,there is a table below someone de color rojo,0.22219065
wg_11_0,/Users/nielspacheco/Desktop/Classes/UNI/Maestria en ciencias Computacion/IA generativa y multimodal/MCC225-ExamenParcial-Winoground/data/raw/images_local/imagen_00022.jpg,objeto_externo,there is a table below someone con un avion visible,0.19188835
wg_11_1,/Users/nielspacheco/Desktop/Classes/UNI/Maestria en ciencias Computacion/IA generativa y multimodal/MCC225-ExamenParcial-Winoground/data/raw/images_local/imagen_00023.jpg,original,there is someone below a table,0.26211414
wg_11_1,/Users/nielspacheco/Desktop/Classes/UNI/Maestria en ciencias Computacion/IA generativa y multimodal/MCC225-ExamenParcial-Winoground/data/raw/images_local/imagen_00023.jpg,negacion,no there is someone below a table,0.26184574
wg_11_1,/Users/nielspacheco/Desktop/Classes/UNI/Maestria en ciencias Computacion/IA generativa y multimodal/MCC225-ExamenParcial-Winoground/data/raw/images_local/imagen_00023.jpg,conteo,dos there is someone below a table,0.24350774
wg_11_1,/Users/nielspacheco/Desktop/Classes/UNI/Maestria en ciencias Computacion/IA generativa y multimodal/MCC225-ExamenParcial-Winoground/data/raw/images_local/imagen_00023.jpg,atributo,there is someone below a table de color rojo,0.26203787
wg_11_1,/Users/nielspacheco/Desktop/Classes/UNI/Maestria en ciencias Computacion/IA generativa y multimodal/MCC225-ExamenParcial-Winoground/data/raw/images_local/imagen_00023.jpg,objeto_externo,there is someone below a table con un avion visible,0.24073692
wg_12_0,/Users/nielspacheco/Desktop/Classes/UNI/Maestria en ciencias Computacion/IA generativa y multimodal/MCC225-ExamenParcial-Winoground/data/raw/images_local/imagen_00024.jpg,original,the image shows a computer on top of books,0.28554103
wg_12_0,/Users/nielspacheco/Desktop/Classes/UNI/Maestria en ciencias Computacion/IA generativa y multimodal/MCC225-ExamenParcial-Winoground/data/raw/images_local/imagen_00024.jpg,negacion,no the image shows a computer on top of books,0.27240425
wg_12_0,/Users/nielspacheco/Desktop/Classes/UNI/Maestria en ciencias Computacion/IA generativa y multimodal/MCC225-ExamenParcial-Winoground/data/raw/images_local/imagen_00024.jpg,conteo,dos the image shows a computer on top of books,0.23309201
wg_12_0,/Users/nielspacheco/Desktop/Classes/UNI/Maestria en ciencias Computacion/IA generativa y multimodal/MCC225-ExamenParcial-Winoground/data/raw/images_local/imagen_00024.jpg,atributo,the image shows a computer on top of books de color rojo,0.29024965
wg_12_0,/Users/nielspacheco/Desktop/Classes/UNI/Maestria en ciencias Computacion/IA generativa y multimodal/MCC225-ExamenParcial-Winoground/data/raw/images_local/imagen_00024.jpg,objeto_externo,the image shows a computer on top of books con un avion visible,0.27893835
wg_12_1,/Users/nielspacheco/Desktop/Classes/UNI/Maestria en ciencias Computacion/IA generativa y multimodal/MCC225-ExamenParcial-Winoground/data/raw/images_local/imagen_00025.jpg,original,the image shows books on top of a computer,0.2741042
wg_12_1,/Users/nielspacheco/Desktop/Classes/UNI/Maestria en ciencias Computacion/IA generativa y multimodal/MCC225-ExamenParcial-Winoground/data/raw/images_local/imagen_00025.jpg,negacion,no the image shows books on top of a computer,0.27089798
wg_12_1,/Users/nielspacheco/Desktop/Classes/UNI/Maestria en ciencias Computacion/IA generativa y multimodal/MCC225-ExamenParcial-Winoground/data/raw/images_local/imagen_00025.jpg,conteo,dos the image shows books on top of a computer,0.21585794
wg_12_1,/Users/nielspacheco/Desktop/Classes/UNI/Maestria en ciencias Computacion/IA generativa y multimodal/MCC225-ExamenParcial-Winoground/data/raw/images_local/imagen_00025.jpg,atributo,the image shows books on top of a computer de color rojo,0.27509668
wg_12_1,/Users/nielspacheco/Desktop/Classes/UNI/Maestria en ciencias Computacion/IA generativa y multimodal/MCC225-ExamenParcial-Winoground/data/raw/images_local/imagen_00025.jpg,objeto_externo,the image shows books on top of a computer con un avion visible,0.26982537
wg_13_0,/Users/nielspacheco/Desktop/Classes/UNI/Maestria en ciencias Computacion/IA generativa y multimodal/MCC225-ExamenParcial-Winoground/data/raw/images_local/imagen_00026.jpg,original,a caterpillar with some plants,0.27452818
wg_13_0,/Users/nielspacheco/Desktop/Classes/UNI/Maestria en ciencias Computacion/IA generativa y multimodal/MCC225-ExamenParcial-Winoground/data/raw/images_local/imagen_00026.jpg,negacion,no a caterpillar with some plants,0.25928152
wg_13_0,/Users/nielspacheco/Desktop/Classes/UNI/Maestria en ciencias Computacion/IA generativa y multimodal/MCC225-ExamenParcial-Winoground/data/raw/images_local/imagen_00026.jpg,conteo,dos a caterpillar with some plants,0.25858822
wg_13_0,/Users/nielspacheco/Desktop/Classes/UNI/Maestria en ciencias Computacion/IA generativa y multimodal/MCC225-ExamenParcial-Winoground/data/raw/images_local/imagen_00026.jpg,atributo,a caterpillar with some plants de color rojo,0.27651
wg_13_0,/Users/nielspacheco/Desktop/Classes/UNI/Maestria en ciencias Computacion/IA generativa y multimodal/MCC225-ExamenParcial-Winoground/data/raw/images_local/imagen_00026.jpg,objeto_externo,a caterpillar with some plants con un avion visible,0.29587704
wg_13_1,/Users/nielspacheco/Desktop/Classes/UNI/Maestria en ciencias Computacion/IA generativa y multimodal/MCC225-ExamenParcial-Winoground/data/raw/images_local/imagen_00027.jpg,original,a plant with some caterpillars,0.28867212
wg_13_1,/Users/nielspacheco/Desktop/Classes/UNI/Maestria en ciencias Computacion/IA generativa y multimodal/MCC225-ExamenParcial-Winoground/data/raw/images_local/imagen_00027.jpg,negacion,no a plant with some caterpillars,0.28576607
wg_13_1,/Users/nielspacheco/Desktop/Classes/UNI/Maestria en ciencias Computacion/IA generativa y multimodal/MCC225-ExamenParcial-Winoground/data/raw/images_local/imagen_00027.jpg,conteo,dos a plant with some caterpillars,0.2872642
wg_13_1,/Users/nielspacheco/Desktop/Classes/UNI/Maestria en ciencias Computacion/IA generativa y multimodal/MCC225-ExamenParcial-Winoground/data/raw/images_local/imagen_00027.jpg,atributo,a plant with some caterpillars de color rojo,0.252228
wg_13_1,/Users/nielspacheco/Desktop/Classes/UNI/Maestria en ciencias Computacion/IA generativa y multimodal/MCC225-ExamenParcial-Winoground/data/raw/images_local/imagen_00027.jpg,objeto_externo,a plant with some caterpillars con un avion visible,0.3139576
wg_14_0,/Users/nielspacheco/Desktop/Classes/UNI/Maestria en ciencias Computacion/IA generativa y multimodal/MCC225-ExamenParcial-Winoground/data/raw/images_local/imagen_00028.jpg,original,there is a mug in some grass,0.28430206
wg_14_0,/Users/nielspacheco/Desktop/Classes/UNI/Maestria en ciencias Computacion/IA generativa y multimodal/MCC225-ExamenParcial-Winoground/data/raw/images_local/imagen_00028.jpg,negacion,no there is a mug in some grass,0.28058288
wg_14_0,/Users/nielspacheco/Desktop/Classes/UNI/Maestria en ciencias Computacion/IA generativa y multimodal/MCC225-ExamenParcial-Winoground/data/raw/images_local/imagen_00028.jpg,conteo,dos there is a mug in some grass,0.27219862
wg_14_0,/Users/nielspacheco/Desktop/Classes/UNI/Maestria en ciencias Computacion/IA generativa y multimodal/MCC225-ExamenParcial-Winoground/data/raw/images_local/imagen_00028.jpg,atributo,there is a mug in some grass de color rojo,0.28680605
wg_14_0,/Users/nielspacheco/Desktop/Classes/UNI/Maestria en ciencias Computacion/IA generativa y multimodal/MCC225-ExamenParcial-Winoground/data/raw/images_local/imagen_00028.jpg,objeto_externo,there is a mug in some grass con un avion visible,0.2963805
wg_14_1,/Users/nielspacheco/Desktop/Classes/UNI/Maestria en ciencias Computacion/IA generativa y multimodal/MCC225-ExamenParcial-Winoground/data/raw/images_local/imagen_00029.jpg,original,there is some grass in a mug,0.30630836
wg_14_1,/Users/nielspacheco/Desktop/Classes/UNI/Maestria en ciencias Computacion/IA generativa y multimodal/MCC225-ExamenParcial-Winoground/data/raw/images_local/imagen_00029.jpg,negacion,no there is some grass in a mug,0.29220963
wg_14_1,/Users/nielspacheco/Desktop/Classes/UNI/Maestria en ciencias Computacion/IA generativa y multimodal/MCC225-ExamenParcial-Winoground/data/raw/images_local/imagen_00029.jpg,conteo,dos there is some grass in a mug,0.29145837
wg_14_1,/Users/nielspacheco/Desktop/Classes/UNI/Maestria en ciencias Computacion/IA generativa y multimodal/MCC225-ExamenParcial-Winoground/data/raw/images_local/imagen_00029.jpg,atributo,there is some grass in a mug de color rojo,0.29985023
wg_14_1,/Users/nielspacheco/Desktop/Classes/UNI/Maestria en ciencias Computacion/IA generativa y multimodal/MCC225-ExamenParcial-Winoground/data/raw/images_local/imagen_00029.jpg,objeto_externo,there is some grass in a mug con un avion visible,0.30170798
wg_15_0,/Users/nielspacheco/Desktop/Classes/UNI/Maestria en ciencias Computacion/IA generativa y multimodal/MCC225-ExamenParcial-Winoground/data/raw/images_local/imagen_00030.jpg,original,there are more skiers than snowboarders,0.2824247
wg_15_0,/Users/nielspacheco/Desktop/Classes/UNI/Maestria en ciencias Computacion/IA generativa y multimodal/MCC225-ExamenParcial-Winoground/data/raw/images_local/imagen_00030.jpg,negacion,no there are more skiers than snowboarders,0.27536246
wg_15_0,/Users/nielspacheco/Desktop/Classes/UNI/Maestria en ciencias Computacion/IA generativa y multimodal/MCC225-ExamenParcial-Winoground/data/raw/images_local/imagen_00030.jpg,conteo,dos there are more skiers than snowboarders,0.26012617
wg_15_0,/Users/nielspacheco/Desktop/Classes/UNI/Maestria en ciencias Computacion/IA generativa y multimodal/MCC225-ExamenParcial-Winoground/data/raw/images_local/imagen_00030.jpg,atributo,there are more skiers than snowboarders de color rojo,0.284947
wg_15_0,/Users/nielspacheco/Desktop/Classes/UNI/Maestria en ciencias Computacion/IA generativa y multimodal/MCC225-ExamenParcial-Winoground/data/raw/images_local/imagen_00030.jpg,objeto_externo,there are more skiers than snowboarders con un avion visible,0.262272
wg_15_1,/Users/nielspacheco/Desktop/Classes/UNI/Maestria en ciencias Computacion/IA generativa y multimodal/MCC225-ExamenParcial-Winoground/data/raw/images_local/imagen_00031.jpg,original,there are more snowboarders than skiers,0.28116426
wg_15_1,/Users/nielspacheco/Desktop/Classes/UNI/Maestria en ciencias Computacion/IA generativa y multimodal/MCC225-ExamenParcial-Winoground/data/raw/images_local/imagen_00031.jpg,negacion,no there are more snowboarders than skiers,0.27868634
wg_15_1,/Users/nielspacheco/Desktop/Classes/UNI/Maestria en ciencias Computacion/IA generativa y multimodal/MCC225-ExamenParcial-Winoground/data/raw/images_local/imagen_00031.jpg,conteo,dos there are more snowboarders than skiers,0.26277646
wg_15_1,/Users/nielspacheco/Desktop/Classes/UNI/Maestria en ciencias Computacion/IA generativa y multimodal/MCC225-ExamenParcial-Winoground/data/raw/images_local/imagen_00031.jpg,atributo,there are more snowboarders than skiers de color rojo,0.28214914
wg_15_1,/Users/nielspacheco/Desktop/Classes/UNI/Maestria en ciencias Computacion/IA generativa y multimodal/MCC225-ExamenParcial-Winoground/data/raw/images_local/imagen_00031.jpg,objeto_externo,there are more snowboarders than skiers con un avion visible,0.27403602
wg_16_0,/Users/nielspacheco/Desktop/Classes/UNI/Maestria en ciencias Computacion/IA generativa y multimodal/MCC225-ExamenParcial-Winoground/data/raw/images_local/imagen_00032.jpg,original,there are fewer forks than spoons,0.3101046
wg_16_0,/Users/nielspacheco/Desktop/Classes/UNI/Maestria en ciencias Computacion/IA generativa y multimodal/MCC225-ExamenParcial-Winoground/data/raw/images_local/imagen_00032.jpg,negacion,no there are fewer forks than spoons,0.30999044
wg_16_0,/Users/nielspacheco/Desktop/Classes/UNI/Maestria en ciencias Computacion/IA generativa y multimodal/MCC225-ExamenParcial-Winoground/data/raw/images_local/imagen_00032.jpg,conteo,dos there are fewer forks than spoons,0.28940177
wg_16_0,/Users/nielspacheco/Desktop/Classes/UNI/Maestria en ciencias Computacion/IA generativa y multimodal/MCC225-ExamenParcial-Winoground/data/raw/images_local/imagen_00032.jpg,atributo,there are fewer forks than spoons de color rojo,0.30220798
wg_16_0,/Users/nielspacheco/Desktop/Classes/UNI/Maestria en ciencias Computacion/IA generativa y multimodal/MCC225-ExamenParcial-Winoground/data/raw/images_local/imagen_00032.jpg,objeto_externo,there are fewer forks than spoons con un avion visible,0.31963375
wg_16_1,/Users/nielspacheco/Desktop/Classes/UNI/Maestria en ciencias Computacion/IA generativa y multimodal/MCC225-ExamenParcial-Winoground/data/raw/images_local/imagen_00033.jpg,original,there are fewer spoons than forks,0.30800295
wg_16_1,/Users/nielspacheco/Desktop/Classes/UNI/Maestria en ciencias Computacion/IA generativa y multimodal/MCC225-ExamenParcial-Winoground/data/raw/images_local/imagen_00033.jpg,negacion,no there are fewer spoons than forks,0.30214655
wg_16_1,/Users/nielspacheco/Desktop/Classes/UNI/Maestria en ciencias Computacion/IA generativa y multimodal/MCC225-ExamenParcial-Winoground/data/raw/images_local/imagen_00033.jpg,conteo,dos there are fewer spoons than forks,0.2923798
wg_16_1,/Users/nielspacheco/Desktop/Classes/UNI/Maestria en ciencias Computacion/IA generativa y multimodal/MCC225-ExamenParcial-Winoground/data/raw/images_local/imagen_00033.jpg,atributo,there are fewer spoons than forks de color rojo,0.29957896
wg_16_1,/Users/nielspacheco/Desktop/Classes/UNI/Maestria en ciencias Computacion/IA generativa y multimodal/MCC225-ExamenParcial-Winoground/data/raw/images_local/imagen_00033.jpg,objeto_externo,there are fewer spoons than forks con un avion visible,0.30955836
wg_17_0,/Users/nielspacheco/Desktop/Classes/UNI/Maestria en ciencias Computacion/IA generativa y multimodal/MCC225-ExamenParcial-Winoground/data/raw/images_local/imagen_00034.jpg,original,there are more ladybugs than flowers,0.3018747
wg_17_0,/Users/nielspacheco/Desktop/Classes/UNI/Maestria en ciencias Computacion/IA generativa y multimodal/MCC225-ExamenParcial-Winoground/data/raw/images_local/imagen_00034.jpg,negacion,no there are more ladybugs than flowers,0.2968299
wg_17_0,/Users/nielspacheco/Desktop/Classes/UNI/Maestria en ciencias Computacion/IA generativa y multimodal/MCC225-ExamenParcial-Winoground/data/raw/images_local/imagen_00034.jpg,conteo,dos there are more ladybugs than flowers,0.27065268
wg_17_0,/Users/nielspacheco/Desktop/Classes/UNI/Maestria en ciencias Computacion/IA generativa y multimodal/MCC225-ExamenParcial-Winoground/data/raw/images_local/imagen_00034.jpg,atributo,there are more ladybugs than flowers de color rojo,0.29853973
wg_17_0,/Users/nielspacheco/Desktop/Classes/UNI/Maestria en ciencias Computacion/IA generativa y multimodal/MCC225-ExamenParcial-Winoground/data/raw/images_local/imagen_00034.jpg,objeto_externo,there are more ladybugs than flowers con un avion visible,0.29719508
wg_17_1,/Users/nielspacheco/Desktop/Classes/UNI/Maestria en ciencias Computacion/IA generativa y multimodal/MCC225-ExamenParcial-Winoground/data/raw/images_local/imagen_00035.jpg,original,there are more flowers than ladybugs,0.3101941
wg_17_1,/Users/nielspacheco/Desktop/Classes/UNI/Maestria en ciencias Computacion/IA generativa y multimodal/MCC225-ExamenParcial-Winoground/data/raw/images_local/imagen_00035.jpg,negacion,no there are more flowers than ladybugs,0.31359962
wg_17_1,/Users/nielspacheco/Desktop/Classes/UNI/Maestria en ciencias Computacion/IA generativa y multimodal/MCC225-ExamenParcial-Winoground/data/raw/images_local/imagen_00035.jpg,conteo,dos there are more flowers than ladybugs,0.276116
wg_17_1,/Users/nielspacheco/Desktop/Classes/UNI/Maestria en ciencias Computacion/IA generativa y multimodal/MCC225-ExamenParcial-Winoground/data/raw/images_local/imagen_00035.jpg,atributo,there are more flowers than ladybugs de color rojo,0.3126314
wg_17_1,/Users/nielspacheco/Desktop/Classes/UNI/Maestria en ciencias Computacion/IA generativa y multimodal/MCC225-ExamenParcial-Winoground/data/raw/images_local/imagen_00035.jpg,objeto_externo,there are more flowers than ladybugs con un avion visible,0.31648612
wg_18_0,/Users/nielspacheco/Desktop/Classes/UNI/Maestria en ciencias Computacion/IA generativa y multimodal/MCC225-ExamenParcial-Winoground/data/raw/images_local/imagen_00036.jpg,original,there is less orange juice than milk,0.24980603
wg_18_0,/Users/nielspacheco/Desktop/Classes/UNI/Maestria en ciencias Computacion/IA generativa y multimodal/MCC225-ExamenParcial-Winoground/data/raw/images_local/imagen_00036.jpg,negacion,no there is less orange juice than milk,0.2442076
wg_18_0,/Users/nielspacheco/Desktop/Classes/UNI/Maestria en ciencias Computacion/IA generativa y multimodal/MCC225-ExamenParcial-Winoground/data/raw/images_local/imagen_00036.jpg,conteo,dos there is less orange juice than milk,0.23985425
wg_18_0,/Users/nielspacheco/Desktop/Classes/UNI/Maestria en ciencias Computacion/IA generativa y multimodal/MCC225-ExamenParcial-Winoground/data/raw/images_local/imagen_00036.jpg,atributo,there is less orange juice than milk de color rojo,0.23198825
wg_18_0,/Users/nielspacheco/Desktop/Classes/UNI/Maestria en ciencias Computacion/IA generativa y multimodal/MCC225-ExamenParcial-Winoground/data/raw/images_local/imagen_00036.jpg,objeto_externo,there is less orange juice than milk con un avion visible,0.2420643
wg_18_1,/Users/nielspacheco/Desktop/Classes/UNI/Maestria en ciencias Computacion/IA generativa y multimodal/MCC225-ExamenParcial-Winoground/data/raw/images_local/imagen_00037.jpg,original,there is less milk than orange juice,0.22249237
wg_18_1,/Users/nielspacheco/Desktop/Classes/UNI/Maestria en ciencias Computacion/IA generativa y multimodal/MCC225-ExamenParcial-Winoground/data/raw/images_local/imagen_00037.jpg,negacion,no there is less milk than orange juice,0.2175321
wg_18_1,/Users/nielspacheco/Desktop/Classes/UNI/Maestria en ciencias Computacion/IA generativa y multimodal/MCC225-ExamenParcial-Winoground/data/raw/images_local/imagen_00037.jpg,conteo,dos there is less milk than orange juice,0.2173875
wg_18_1,/Users/nielspacheco/Desktop/Classes/UNI/Maestria en ciencias Computacion/IA generativa y multimodal/MCC225-ExamenParcial-Winoground/data/raw/images_local/imagen_00037.jpg,atributo,there is less milk than orange juice de color rojo,0.20145467
wg_18_1,/Users/nielspacheco/Desktop/Classes/UNI/Maestria en ciencias Computacion/IA generativa y multimodal/MCC225-ExamenParcial-Winoground/data/raw/images_local/imagen_00037.jpg,objeto_externo,there is less milk than orange juice con un avion visible,0.23250052
wg_19_0,/Users/nielspacheco/Desktop/Classes/UNI/Maestria en ciencias Computacion/IA generativa y multimodal/MCC225-ExamenParcial-Winoground/data/raw/images_local/imagen_00038.jpg,original,there is more dirt than empty space in the jar,0.29578993
wg_19_0,/Users/nielspacheco/Desktop/Classes/UNI/Maestria en ciencias Computacion/IA generativa y multimodal/MCC225-ExamenParcial-Winoground/data/raw/images_local/imagen_00038.jpg,negacion,no there is more dirt than empty space in the jar,0.29649127
wg_19_0,/Users/nielspacheco/Desktop/Classes/UNI/Maestria en ciencias Computacion/IA generativa y multimodal/MCC225-ExamenParcial-Winoground/data/raw/images_local/imagen_00038.jpg,conteo,dos there is more dirt than empty space in the jar,0.28022394
wg_19_0,/Users/nielspacheco/Desktop/Classes/UNI/Maestria en ciencias Computacion/IA generativa y multimodal/MCC225-ExamenParcial-Winoground/data/raw/images_local/imagen_00038.jpg,atributo,there is more dirt than empty space in the jar de color rojo,0.27373433
wg_19_0,/Users/nielspacheco/Desktop/Classes/UNI/Maestria en ciencias Computacion/IA generativa y multimodal/MCC225-ExamenParcial-Winoground/data/raw/images_local/imagen_00038.jpg,objeto_externo,there is more dirt than empty space in the jar con un avion visible,0.29157695
wg_19_1,/Users/nielspacheco/Desktop/Classes/UNI/Maestria en ciencias Computacion/IA generativa y multimodal/MCC225-ExamenParcial-Winoground/data/raw/images_local/imagen_00039.jpg,original,there is more empty space than dirt in the jar,0.31069946
wg_19_1,/Users/nielspacheco/Desktop/Classes/UNI/Maestria en ciencias Computacion/IA generativa y multimodal/MCC225-ExamenParcial-Winoground/data/raw/images_local/imagen_00039.jpg,negacion,no there is more empty space than dirt in the jar,0.3082294
wg_19_1,/Users/nielspacheco/Desktop/Classes/UNI/Maestria en ciencias Computacion/IA generativa y multimodal/MCC225-ExamenParcial-Winoground/data/raw/images_local/imagen_00039.jpg,conteo,dos there is more empty space than dirt in the jar,0.2771966
wg_19_1,/Users/nielspacheco/Desktop/Classes/UNI/Maestria en ciencias Computacion/IA generativa y multimodal/MCC225-ExamenParcial-Winoground/data/raw/images_local/imagen_00039.jpg,atributo,there is more empty space than dirt in the jar de color rojo,0.29010963
wg_19_1,/Users/nielspacheco/Desktop/Classes/UNI/Maestria en ciencias Computacion/IA generativa y multimodal/MCC225-ExamenParcial-Winoground/data/raw/images_local/imagen_00039.jpg,objeto_externo,there is more empty space than dirt in the jar con un avion visible,0.30497748
